3,5,8,12,20,25,30,32,37,38,41,49,50,51,55,78,80,85,88,97,100,125,131,138,139,151,157,160,168,170,173,176,179,182,186,192,200,202,222,224,227,237,245,250,254,255,258,260,263,278,281,282,290,291,294,300,302,314,320,327,332,339,343,355,356,357,359,361,363,366,368,370,376,381,383,399,400,401,407,415,420,429,430,431,439,442,449,451,458,470,475,477,490,491,495,496,502,503,509,510,515,526,530,538,539,544,549,554,557,562,565,568,570,573,575,578,581,587,590,593,596,597,602,604,608,609,614,615,616,617,625,626,627,641,642,656,659,664,668,670,672,675,683,686,691,695,696,702,706,710,711,712,714,717,720,725,727,733,736,739,745,747,755,760,763,765,779,780,784,787,792,795,801,804,809,813,823,834,837,838,841,848,850,857,868,872,875,887,897,900,903,910,912,914,918,926,927,931,937,940,941,948,951,955,957,961,962,966,970,973,974,975,981,987,1008,1010,1015,1016,1017,1018,1023,1043,1044,1048,1053,1054,1059,1064,1066,1069,1077,1079,1086,1088,1089,1091,1097,1100,1102,1105,1107,1125,1127,1145,1150,1155,1156,1160,1162,1169,1176,1181,1185,1186,1191,1196,1199,1201,1203,1208,1232,1234,1246,1252,1254,1260,1261,1266,1267,1269,1273,1290,1294,1303,1306,1308,1321,1323,1325,1327,1336,1340,1345,1360,1363,1367,1370,1372,1373,1379,1383,1391,1397,1402,1411,1419,1420,1423,1435,1439,1445,1462,1463,1469,1471,1481,1483,1484,1492,1499,1509,1521,1535,1541,1544,1547,1548,1555,1557,1566,1568,1573,1574,1578,1580,1583,1587,1593,1595,1605,1609,1611,1613,1614,1617,1623,1628,1629,1636,1638,1640,1641,1643,1652,1663,1666,1667,1672,1675,1680,1687,1701,1704,1706,1712,1718,1721,1725,1729,1735,1740,1746,1747,1756,1757,1760,1764,1772,1779,1782,1785,1796,1806,1807,1808,1809,1812,1815,1818,1820,1824,1832,1834,1838,1839,1860,1868,1873,1875,1883,1887,1890,1891,1896,1897,1902,1905,1906,1908,1912,1913,1915,1920,1922,1924,1932,1934,1938,1948,1964,1970,1978,1979,1981,1982,1984,1986,1989,1990,1995,2006,2017,2019,2025,2028,2032,2041,2046,2048,2054,2055,2073,2074,2077,2086,2092,2095,2109,2115,2116,2122,2124,2129,2142,2143,2149,2153,2155,2163,2165,2171,2173,2176,2178,2179,2181,2190,2202,2209,2213,2215,2219,2226,2227,2229,2235,2243,2246,2258,2259,2261,2265,2277,2281,2282,2283,2285,2292,2293,2310,2313,2320,2328,2342,2343,2354,2356,2361,2375,2379,2382,2391,2400,2407,2409,2418,2420,2424,2430,2434,2442,2448,2451,2452,2458,2460,2465,2467,2470,2471,2473,2479,2480,2482,2487,2495,2497,2499,2500,2521,2522,2538,2545,2548,2556,2559,2561,2567,2569,2571,2578,2579,2583,2584,2596,2603,2605,2606,2608,2609,2617,2630,2644,2650,2651,2653,2662,2663,2670,2676,2677,2707,2712,2720,2724,2728,2730,2735,2736,2737,2740,2745,2753,2756,2772,2776,2777,2778,2782,2785,2788,2792,2796,2801,2804,2806,2807,2808,2815,2823,2832,2841,2842,2843,2847,2852,2858,2860,2865,2871,2876,2885,2886,2887,2893,2895,2906,2917,2920,2924,2929,2949,2953,2958,2961,2966,2967,2968,2977,2991,2992,2993,3002,3009,3010,3012,3016,3026,3031,3037,3039,3053,3055,3056,3060,3064,3071,3076,3079,3082,3084,3085,3096,3098,3100,3103,3107,3108,3117,3124,3127,3130,3134,3140,3142,3148,3150,3151,3156,3157,3168,3170,3181,3183,3189,3190,3192,3201,3218
68.29371100994773,67.51812510537852,3761.0,3853.0
8,17,28,39,48,51,53,56,58,62,66,67,69,70,71,74,76,78,80,82,90,95,111,113,124,134,138,145,146,148,149,152,159,166,173,181,184,187,189,190,195,197,201,204,211,217,218,219,220,221,224,227,228,229,232,233,234,235,240,243,247,252,254,271,275,279,281,288,290,302,303,304,306,312,318,322,333,334,336,352,360,361,364,369,372,373,379,381,387,394,397,400,404,409,411,412,416,417,420,421,428,429,432,433,439,445,448,450,452,455,457,460,470,481,484,487,490,498,504,506,509,511,524,533,542,544,545,547,552,562,572,584,602,605,611,614,623,628,630,635,640,650,652,654,657,665,676,677,679,683,688,692,694,695,697,702,704,707,712,714,733,736,737,738,740,745,747,762,769,788,792,794,798,800,802,811,813,815,817,818,822,828,830,831,832,834,836,840,849,850,851,856,864,869,871,879,894,897,898,902,903,906,908,918,924,927,933,939,942,943,949,955,958,961,963,968,969,976,987,989,999,1003,1006,1008,1015,1022,1024,1035,1036,1040,1048,1051,1053,1057,1064,1070,1073,1074,1075,1077,1080,1099,1100,1107,1108,1113,1117,1119,1122,1123,1125,1132,1135,1144,1157,1160,1162,1169,1170,1171,1173,1177,1188,1190,1195,1205,1206,1220,1242,1247,1265,1269,1271,1286,1304,1317,1320,1324,1335,1337,1341,1342,1346,1352,1353,1363,1369,1370,1375,1377,1385,1387,1389,1397,1398,1413,1415,1420,1424,1428,1440,1454,1461,1467,1474,1480,1484,1488,1489,1490,1495,1501,1509,1523,1525,1527,1531,1538,1543,1550,1553,1554,1558,1559,1560,1582,1583,1586,1589,1594,1597,1602,1611,1612,1625,1629,1634,1635,1638,1675,1677,1682,1685,1690,1694,1700,1701,1704,1709,1717,1719,1723,1724,1726,1736,1740,1746,1748,1756,1759,1761,1762,1765,1775,1782,1784,1792,1796,1803,1814,1817,1818,1821,1830,1835,1836,1839,1840,1847,1848,1857,1858,1864,1865,1890,1892,1898,1914,1915,1923,1932,1934,1935,1937,1947,1949,1951,1957,1959,1964,1967,1968,1974,1976,1978,1981,1982,1990,2011,2022,2033,2037,2041,2056,2058,2064,2067,2069,2075,2076,2079,2081,2086,2087,2091,2101,2108,2116,2118,2121,2125,2139,2145,2149,2157,2159,2165,2175,2179,2181,2189,2190,2207,2209,2211,2215,2218,2224,2226,2227,2234,2235,2239,2240,2244,2249,2250,2254,2259,2261,2270,2274,2275,2279,2287,2290,2308,2316,2336,2344,2359,2360,2361,2362,2364,2370,2375,2381,2384,2390,2391,2395,2397,2407,2408,2412,2424,2428,2429,2432,2433,2438,2441,2447,2451,2453,2459,2462,2463,2468,2471,2473,2474,2483,2490,2493,2504,2506,2507,2510,2512,2520,2522,2523,2525,2526,2528,2531,2533,2541,2556,2557,2570,2576,2578,2584,2589,2591,2595,2596,2598,2600,2608,2614,2615,2619,2620,2621,2627,2634,2639,2661,2663,2668,2670,2671,2672,2673,2674,2677,2681,2691,2703,2704,2709,2713,2716,2717,2720,2730,2749,2750,2752,2753,2754,2760,2770,2772,2773,2781,2786,2793,2794,2798,2822,2824,2827,2829,2835,2836,2838,2843,2846,2854,2861,2864,2867,2870,2874,2876,2886,2890,2892,2907,2910,2919,2929,2939,2943,2946,2948,2954,2957,2977,2985,2992,3001,3006,3008,3014,3015,3020,3034,3035,3040,3051,3057,3061,3063,3064,3065,3066,3072,3076,3083,3089,3092,3097,3101,3107,3109,3112,3117,3120,3121,3129,3130,3134,3139,3140,3141,3142,3143,3151,3153,3161,3162,3166,3167,3172,3186,3195,3196,3202,3205,3206,3209,3217,3218
71.29489124936772,70.93238914179733,3405.0,3448.0
4,14,16,18,21,25,26,34,40,43,47,48,53,67,69,74,75,76,78,102,106,108,117,129,131,148,149,151,155,167,184,190,192,208,209,210,211,214,232,235,241,245,251,259,263,271,273,274,275,278,279,295,301,302,304,307,309,317,318,321,323,330,332,345,347,354,355,360,363,371,373,378,384,390,391,392,396,397,402,405,407,411,417,422,427,436,441,445,452,453,459,462,468,470,471,475,481,489,490,492,494,496,499,506,507,510,514,520,523,529,536,541,542,543,546,550,572,574,578,583,603,605,607,616,622,623,629,632,635,638,640,642,643,645,651,655,662,663,666,678,682,686,690,693,702,704,706,709,715,728,729,730,731,734,735,740,746,748,754,766,767,769,778,779,782,784,792,795,798,800,816,819,828,829,830,836,839,844,845,864,867,869,877,885,886,888,897,902,904,919,921,926,928,933,938,940,952,967,973,974,975,976,980,981,982,993,997,999,1002,1006,1017,1018,1020,1026,1040,1047,1058,1065,1069,1076,1086,1089,1090,1092,1100,1105,1118,1122,1129,1131,1137,1146,1147,1148,1152,1154,1155,1156,1157,1161,1165,1169,1170,1175,1189,1191,1193,1197,1219,1221,1225,1234,1237,1240,1242,1250,1251,1255,1256,1259,1269,1271,1286,1300,1304,1307,1313,1323,1328,1331,1332,1333,1337,1338,1342,1349,1355,1367,1371,1375,1390,1403,1406,1410,1419,1423,1426,1427,1431,1432,1436,1443,1445,1447,1452,1461,1464,1471,1473,1477,1479,1481,1484,1487,1496,1498,1509,1513,1516,1517,1520,1525,1527,1533,1538,1539,1543,1551,1552,1554,1555,1557,1560,1561,1568,1569,1570,1573,1579,1583,1585,1586,1588,1591,1620,1625,1628,1634,1635,1658,1663,1668,1669,1673,1674,1677,1678,1679,1685,1695,1699,1700,1704,1708,1711,1714,1716,1723,1725,1726,1734,1739,1742,1748,1750,1751,1757,1759,1760,1762,1766,1767,1771,1775,1776,1780,1783,1785,1789,1795,1811,1812,1815,1822,1829,1832,1833,1836,1838,1841,1843,1855,1864,1880,1886,1889,1890,1893,1894,1898,1910,1911,1924,1926,1931,1934,1941,1942,1943,1947,1955,1957,1966,1971,1978,1981,1991,2000,2001,2005,2007,2011,2015,2017,2018,2020,2029,2030,2034,2040,2046,2047,2049,2058,2067,2089,2091,2101,2110,2113,2114,2119,2120,2126,2137,2142,2149,2158,2159,2161,2164,2168,2170,2171,2172,2176,2182,2183,2188,2191,2199,2202,2210,2211,2216,2227,2229,2234,2235,2239,2248,2252,2256,2259,2273,2275,2282,2292,2300,2308,2317,2327,2330,2335,2339,2342,2349,2353,2359,2369,2370,2379,2391,2393,2394,2395,2404,2405,2411,2425,2426,2432,2439,2444,2447,2452,2475,2476,2478,2481,2485,2487,2493,2500,2501,2503,2506,2513,2516,2519,2522,2524,2529,2532,2549,2550,2551,2555,2564,2566,2574,2579,2580,2594,2596,2599,2608,2617,2618,2619,2624,2646,2652,2656,2662,2670,2676,2684,2688,2693,2698,2705,2706,2709,2712,2714,2718,2719,2723,2736,2742,2745,2747,2752,2756,2757,2763,2769,2775,2776,2777,2783,2785,2786,2798,2799,2804,2805,2809,2811,2815,2834,2836,2842,2843,2847,2863,2865,2866,2868,2872,2875,2876,2878,2896,2900,2904,2907,2911,2918,2923,2926,2930,2938,2949,2951,2956,2959,2960,2969,2975,2981,2985,2986,2988,2991,2992,2999,3007,3010,3012,3014,3016,3028,3039,3042,3044,3053,3058,3061,3071,3078,3079,3081,3082,3087,3098,3100,3102,3105,3107,3108,3117,3121,3122,3125,3128,3132,3137,3158,3162,3165,3170,3175,3178,3196,3204,3209,3212
68.38644410723319,67.83847580509189,3750.0,3815.0
8,9,12,18,23,26,30,32,44,46,47,50,57,67,69,72,77,91,95,99,104,106,110,113,114,115,124,131,133,149,156,162,163,165,174,175,178,180,181,207,216,220,223,229,238,257,258,267,270,272,288,289,294,296,312,317,321,323,325,328,331,339,340,348,349,353,354,362,374,376,385,387,388,392,398,402,405,408,417,424,425,426,431,432,434,435,439,448,449,451,459,460,468,469,472,476,481,484,487,497,505,507,514,517,521,530,532,533,535,538,544,547,553,558,568,571,581,582,583,585,586,587,589,597,599,614,618,619,620,624,632,634,637,638,642,645,652,665,666,669,670,676,684,690,694,697,699,709,713,726,730,731,733,735,741,748,749,752,757,771,774,782,786,788,800,806,809,819,823,826,828,834,837,841,850,859,871,873,886,895,901,902,903,905,911,912,921,922,928,931,941,953,959,964,965,967,969,970,971,974,976,980,981,982,987,988,992,999,1001,1002,1009,1015,1017,1018,1029,1033,1034,1037,1038,1039,1049,1070,1071,1075,1076,1077,1090,1093,1096,1098,1113,1114,1118,1126,1128,1129,1137,1139,1145,1147,1153,1156,1158,1161,1162,1165,1174,1190,1192,1200,1201,1203,1204,1205,1218,1222,1229,1248,1255,1257,1279,1288,1290,1293,1296,1297,1298,1303,1325,1329,1332,1335,1336,1340,1343,1346,1351,1369,1372,1375,1377,1381,1397,1402,1403,1405,1407,1408,1413,1414,1415,1420,1423,1430,1452,1455,1456,1462,1468,1471,1476,1485,1488,1498,1500,1508,1512,1514,1515,1518,1525,1535,1541,1544,1546,1547,1551,1552,1562,1570,1592,1594,1606,1613,1625,1627,1640,1641,1644,1648,1651,1656,1658,1665,1671,1675,1679,1681,1686,1688,1702,1705,1706,1713,1723,1731,1737,1746,1749,1756,1759,1760,1768,1769,1770,1771,1779,1782,1795,1801,1808,1811,1818,1820,1823,1845,1849,1851,1854,1873,1875,1880,1884,1889,1890,1892,1894,1895,1900,1901,1902,1907,1909,1917,1918,1919,1921,1923,1924,1927,1935,1936,1938,1939,1944,1946,1949,1950,1955,1957,1964,1970,1978,1981,1986,1987,2006,2007,2010,2014,2016,2033,2038,2041,2048,2054,2087,2088,2091,2093,2094,2107,2109,2113,2115,2119,2120,2125,2128,2130,2133,2135,2138,2139,2140,2143,2144,2147,2160,2161,2165,2169,2174,2176,2178,2179,2182,2183,2198,2202,2207,2213,2216,2223,2226,2227,2228,2230,2232,2236,2246,2248,2251,2253,2256,2265,2266,2268,2272,2274,2275,2276,2277,2287,2297,2309,2311,2320,2325,2334,2335,2340,2350,2353,2354,2356,2361,2364,2370,2371,2372,2374,2375,2381,2383,2400,2406,2408,2410,2420,2421,2424,2432,2443,2446,2453,2459,2463,2466,2467,2472,2477,2486,2488,2500,2505,2508,2509,2510,2519,2521,2526,2531,2535,2536,2546,2548,2554,2557,2558,2568,2571,2573,2574,2577,2585,2595,2603,2605,2607,2616,2620,2625,2628,2635,2637,2643,2648,2664,2673,2679,2680,2681,2695,2697,2703,2705,2707,2708,2711,2714,2738,2743,2751,2755,2758,2759,2761,2763,2770,2774,2776,2783,2794,2802,2805,2810,2811,2817,2824,2825,2829,2835,2840,2842,2851,2853,2859,2862,2868,2877,2878,2883,2884,2899,2901,2909,2912,2919,2922,2923,2926,2927,2929,2930,2937,2944,2950,2960,2975,2980,2982,2984,2986,2989,3004,3008,3009,3013,3042,3051,3056,3057,3060,3061,3069,3074,3076,3077,3082,3087,3093,3096,3102,3105,3113,3118,3119,3125,3131,3136,3139,3147,3148,3152,3155,3158,3162,3167,3179,3182,3184,3187,3196,3198,3211,3212,3214,3215
69.13673916708818,68.52975889394706,3661.0,3733.0
1,5,8,17,18,23,28,31,42,47,50,55,59,61,63,66,68,71,74,77,80,83,85,91,95,104,116,119,124,128,130,134,143,147,154,158,166,167,178,186,187,196,198,203,212,215,223,225,226,231,235,243,246,247,259,264,270,271,273,275,284,286,290,293,301,305,308,313,317,319,321,331,332,338,341,344,349,358,364,365,370,375,384,397,406,423,424,427,432,438,443,447,456,479,486,494,497,500,505,524,525,526,527,528,533,536,538,543,554,575,578,579,581,586,591,593,598,599,603,608,612,614,622,624,630,632,634,644,650,656,659,662,671,684,688,691,693,696,710,718,720,729,732,736,750,751,752,755,759,765,767,771,773,777,778,779,783,784,796,802,803,805,808,815,818,821,827,838,839,840,843,851,852,856,871,873,894,897,899,902,904,908,914,917,920,923,932,938,940,941,942,947,952,955,958,964,971,977,980,984,989,991,1003,1011,1012,1014,1016,1022,1024,1034,1035,1038,1039,1044,1048,1050,1053,1056,1065,1101,1102,1104,1105,1122,1128,1131,1146,1147,1161,1162,1167,1172,1188,1190,1191,1192,1198,1213,1218,1224,1226,1233,1241,1246,1252,1256,1265,1270,1275,1276,1283,1289,1293,1296,1298,1300,1301,1304,1309,1313,1318,1319,1324,1333,1335,1346,1360,1366,1367,1380,1381,1390,1396,1398,1409,1413,1418,1426,1429,1430,1432,1438,1442,1450,1463,1466,1468,1472,1474,1477,1478,1488,1494,1495,1499,1505,1511,1513,1520,1521,1524,1539,1542,1550,1555,1559,1571,1578,1579,1581,1587,1592,1595,1603,1614,1617,1620,1621,1623,1624,1628,1649,1651,1653,1654,1655,1657,1661,1669,1675,1678,1682,1687,1689,1693,1711,1714,1716,1726,1733,1734,1737,1738,1744,1745,1755,1761,1771,1780,1781,1782,1786,1787,1789,1791,1796,1808,1811,1813,1814,1837,1839,1840,1842,1855,1857,1863,1864,1865,1867,1873,1878,1884,1887,1888,1899,1902,1917,1928,1934,1944,1949,1959,1960,1961,1963,1964,1975,1978,1979,1980,1981,1984,1985,1986,1988,1993,2005,2009,2015,2016,2031,2034,2040,2041,2046,2048,2052,2055,2056,2062,2067,2070,2073,2074,2075,2078,2079,2087,2090,2091,2093,2099,2107,2112,2114,2115,2121,2124,2126,2127,2136,2137,2143,2146,2149,2157,2159,2165,2166,2174,2176,2180,2181,2183,2184,2194,2201,2202,2207,2232,2233,2235,2236,2239,2240,2251,2253,2255,2260,2262,2275,2287,2289,2292,2293,2297,2304,2307,2315,2321,2325,2344,2347,2351,2359,2371,2372,2379,2388,2390,2394,2396,2400,2403,2414,2429,2431,2432,2433,2436,2442,2443,2445,2450,2451,2457,2460,2461,2464,2469,2472,2482,2496,2498,2506,2512,2515,2516,2543,2547,2551,2553,2556,2562,2567,2569,2577,2581,2584,2587,2590,2594,2597,2600,2605,2607,2609,2611,2612,2617,2618,2622,2623,2627,2631,2632,2638,2647,2650,2651,2653,2657,2660,2662,2665,2667,2672,2674,2679,2684,2685,2688,2689,2691,2692,2694,2696,2697,2698,2702,2720,2726,2730,2737,2756,2758,2760,2764,2767,2769,2772,2775,2777,2781,2788,2792,2794,2800,2803,2804,2809,2811,2814,2817,2825,2831,2832,2836,2838,2848,2852,2853,2854,2869,2873,2877,2880,2881,2885,2888,2899,2901,2905,2918,2922,2925,2928,2931,2940,2941,2943,2962,2963,2964,2969,2970,2976,2982,2987,3000,3012,3013,3014,3016,3024,3027,3029,3031,3034,3041,3047,3061,3063,3069,3085,3088,3096,3097,3098,3100,3105,3110,3118,3121,3125,3130,3136,3141,3151,3155,3163,3165,3171,3173,3184,3185,3194,3218
71.7922778620806,71.74169617265217,3346.0,3352.0
1,3,6,9,17,22,23,24,32,42,43,45,48,49,50,51,54,57,61,62,64,66,67,70,74,85,86,89,98,99,113,117,124,126,139,149,152,156,161,169,170,172,173,188,191,192,200,208,210,215,223,225,226,227,231,236,244,249,260,266,277,280,288,293,295,305,307,311,312,313,329,353,357,360,365,371,379,388,394,398,407,421,428,430,432,434,442,446,448,450,458,460,462,470,473,475,478,480,482,493,495,499,500,503,508,516,521,527,528,537,538,543,549,553,557,560,564,570,574,576,578,585,586,589,594,598,599,600,602,606,612,615,620,626,627,632,633,636,639,645,651,661,662,666,667,670,674,678,695,708,734,735,738,739,740,742,746,747,752,757,763,764,767,768,775,787,793,797,802,805,806,808,823,832,838,840,841,848,850,857,862,865,866,868,878,883,886,894,903,904,906,908,910,912,913,926,930,934,938,939,950,951,952,957,958,959,963,965,969,971,973,982,983,986,995,997,1001,1006,1010,1027,1032,1033,1042,1044,1046,1053,1067,1074,1077,1083,1088,1096,1097,1100,1107,1110,1112,1121,1122,1124,1126,1133,1135,1136,1141,1150,1154,1156,1164,1174,1176,1190,1196,1198,1206,1211,1212,1213,1217,1229,1230,1235,1243,1250,1251,1252,1257,1261,1265,1275,1283,1285,1286,1287,1293,1307,1309,1313,1318,1320,1332,1333,1335,1344,1354,1365,1371,1387,1400,1403,1404,1413,1435,1439,1442,1443,1447,1449,1456,1463,1466,1469,1470,1474,1481,1482,1483,1488,1499,1500,1505,1507,1509,1515,1517,1520,1529,1534,1536,1540,1543,1555,1561,1567,1574,1577,1581,1588,1594,1597,1601,1602,1604,1605,1618,1620,1629,1638,1639,1641,1651,1653,1660,1664,1667,1675,1683,1697,1701,1707,1716,1721,1723,1724,1728,1734,1736,1744,1752,1753,1765,1773,1774,1776,1778,1780,1788,1789,1790,1795,1797,1801,1803,1828,1836,1837,1840,1842,1850,1854,1858,1859,1865,1867,1868,1872,1874,1880,1887,1888,1898,1913,1914,1932,1935,1940,1945,1946,1947,1949,1958,1960,1967,1976,1986,1995,2004,2006,2010,2011,2022,2024,2027,2030,2036,2042,2044,2045,2046,2063,2066,2067,2076,2078,2089,2093,2094,2096,2103,2104,2108,2114,2118,2122,2125,2127,2129,2130,2131,2133,2136,2143,2144,2148,2157,2162,2163,2171,2172,2184,2193,2195,2212,2226,2227,2239,2244,2245,2246,2247,2249,2251,2256,2258,2262,2264,2272,2276,2284,2287,2289,2290,2293,2295,2296,2297,2304,2312,2316,2318,2320,2326,2328,2329,2332,2335,2336,2339,2340,2343,2351,2355,2362,2373,2375,2385,2386,2388,2392,2396,2398,2402,2407,2412,2418,2419,2421,2429,2441,2442,2445,2451,2454,2455,2456,2459,2463,2471,2476,2483,2487,2491,2492,2493,2494,2498,2507,2516,2528,2532,2540,2541,2542,2544,2549,2553,2557,2561,2563,2569,2584,2592,2607,2623,2631,2640,2642,2645,2663,2678,2679,2680,2683,2684,2688,2691,2703,2712,2716,2724,2729,2732,2736,2764,2766,2767,2772,2775,2776,2780,2781,2785,2790,2794,2798,2803,2809,2810,2815,2818,2820,2824,2834,2837,2838,2843,2850,2853,2867,2868,2871,2873,2876,2896,2898,2902,2903,2908,2913,2914,2915,2918,2922,2923,2925,2926,2940,2941,2946,2959,2973,2974,2988,2989,2990,2992,3002,3026,3032,3041,3043,3044,3048,3050,3052,3055,3063,3068,3076,3080,3084,3088,3093,3094,3098,3102,3108,3111,3119,3124,3138,3140,3141,3151,3158,3160,3170,3173,3179,3182,3184,3187,3193,3195,3198,3201,3209,3213,3215
71.12628561793964,70.78907435508346,3425.0,3465.0
5,36,44,56,61,65,68,75,77,91,98,99,108,115,118,123,128,133,140,152,156,162,164,182,194,196,198,204,214,219,221,223,224,227,240,242,243,244,246,249,250,251,254,258,261,263,267,269,270,274,280,281,285,291,296,300,304,308,310,311,316,320,326,329,345,349,350,351,353,356,367,382,390,399,401,406,411,422,427,435,441,447,450,460,466,469,476,478,479,482,483,484,492,494,495,500,510,519,521,522,524,528,545,569,572,574,577,580,582,584,585,586,588,589,590,593,601,607,612,613,614,619,624,632,633,634,649,653,655,663,665,667,669,679,681,687,690,691,694,706,710,722,726,740,749,757,774,779,790,791,801,804,807,821,822,823,826,832,836,843,850,851,854,856,859,866,872,875,885,888,890,891,902,906,909,917,922,923,924,926,927,934,935,944,947,949,959,961,965,979,984,985,986,988,989,1001,1009,1013,1015,1023,1025,1033,1035,1042,1046,1047,1050,1051,1065,1077,1087,1092,1094,1096,1105,1108,1112,1113,1120,1121,1125,1130,1133,1135,1136,1144,1145,1148,1151,1156,1158,1178,1185,1188,1192,1193,1195,1196,1197,1198,1216,1218,1229,1233,1235,1269,1274,1278,1281,1287,1291,1296,1300,1306,1309,1313,1314,1315,1318,1319,1333,1334,1336,1342,1345,1347,1356,1359,1362,1364,1366,1369,1376,1383,1392,1396,1397,1406,1414,1417,1418,1421,1424,1429,1430,1436,1444,1446,1447,1449,1454,1455,1458,1472,1475,1477,1482,1493,1497,1499,1503,1506,1509,1517,1529,1530,1534,1537,1539,1547,1549,1551,1552,1557,1560,1564,1566,1577,1582,1584,1602,1605,1618,1620,1624,1626,1627,1632,1639,1645,1652,1655,1657,1659,1662,1663,1671,1678,1684,1691,1697,1709,1718,1721,1724,1730,1732,1733,1742,1744,1757,1760,1766,1767,1769,1771,1772,1777,1783,1786,1792,1799,1803,1813,1819,1820,1827,1838,1839,1848,1851,1859,1864,1868,1869,1871,1882,1889,1890,1893,1897,1899,1901,1911,1913,1918,1934,1941,1945,1948,1951,1964,1971,1972,1976,1977,1983,1990,1991,1994,1996,1998,2001,2019,2026,2032,2046,2050,2051,2052,2053,2059,2060,2065,2070,2074,2075,2089,2092,2099,2102,2115,2117,2121,2124,2127,2128,2130,2134,2135,2138,2140,2143,2148,2160,2162,2163,2165,2171,2172,2174,2175,2177,2178,2184,2197,2202,2206,2207,2210,2218,2223,2224,2227,2233,2234,2240,2244,2247,2267,2269,2282,2283,2286,2288,2301,2304,2310,2312,2318,2319,2320,2325,2333,2340,2341,2345,2359,2368,2370,2371,2373,2379,2382,2383,2417,2421,2423,2426,2429,2433,2435,2446,2456,2464,2473,2475,2476,2477,2480,2484,2486,2488,2492,2494,2495,2496,2499,2504,2505,2506,2530,2531,2534,2537,2538,2548,2549,2551,2555,2565,2568,2577,2582,2586,2593,2595,2598,2613,2616,2617,2623,2641,2643,2645,2648,2650,2656,2658,2659,2669,2671,2687,2697,2699,2711,2715,2723,2724,2728,2749,2763,2764,2766,2773,2778,2781,2783,2784,2786,2787,2798,2801,2805,2806,2816,2819,2820,2824,2832,2838,2840,2850,2851,2852,2854,2855,2857,2858,2861,2862,2865,2869,2872,2873,2875,2882,2889,2891,2894,2895,2907,2909,2914,2916,2927,2932,2933,2934,2942,2944,2945,2947,2949,2951,2956,2962,2963,2972,2974,2977,2978,2980,2982,2989,2990,2995,3000,3003,3006,3014,3019,3035,3036,3039,3045,3052,3053,3054,3065,3073,3080,3088,3089,3099,3102,3110,3114,3117,3120,3123,3128,3134,3143,3160,3168,3170,3171,3177,3183,3186,3191,3196,3202,3204,3207,3208,3212,3214
71.07570392851122,70.94081942336874,3431.0,3447.0
1,8,16,23,26,29,31,34,37,42,44,52,53,58,61,64,69,78,79,82,87,98,99,109,118,123,127,135,138,141,144,145,148,153,164,173,174,178,180,183,189,204,207,209,213,214,215,218,223,232,233,239,250,262,269,272,273,275,277,279,282,283,284,287,294,307,308,310,312,313,315,321,322,340,348,353,368,378,379,384,396,411,418,421,428,430,433,436,445,448,450,452,456,458,467,468,469,480,489,495,496,497,499,501,504,505,509,510,513,517,525,527,530,533,534,535,536,545,546,555,560,562,575,577,579,580,585,592,597,606,612,619,621,622,624,630,635,643,647,649,651,652,653,655,659,661,664,683,694,705,709,711,715,729,730,734,745,746,747,750,751,759,760,764,771,774,779,781,797,798,800,809,818,821,824,829,831,832,836,838,841,845,846,853,863,866,867,884,885,886,887,890,897,903,905,906,913,915,916,918,920,921,924,927,935,938,939,952,960,963,964,972,973,984,990,993,999,1001,1005,1023,1033,1057,1064,1071,1074,1076,1088,1092,1093,1094,1095,1105,1108,1111,1124,1126,1137,1146,1150,1151,1153,1154,1159,1175,1178,1181,1185,1187,1191,1196,1198,1203,1204,1210,1213,1214,1219,1222,1225,1227,1228,1247,1261,1265,1267,1273,1278,1286,1288,1295,1301,1303,1310,1314,1315,1317,1319,1320,1324,1328,1330,1335,1337,1341,1344,1352,1353,1359,1362,1364,1371,1373,1375,1382,1383,1396,1402,1403,1404,1409,1411,1417,1418,1424,1431,1438,1439,1444,1445,1450,1454,1463,1468,1477,1480,1484,1489,1493,1500,1501,1513,1515,1520,1531,1533,1534,1536,1537,1538,1540,1553,1561,1567,1573,1586,1599,1609,1610,1616,1619,1625,1629,1637,1640,1641,1642,1648,1649,1650,1655,1673,1678,1683,1684,1692,1694,1696,1703,1710,1726,1729,1730,1737,1742,1746,1747,1749,1755,1756,1770,1772,1786,1803,1804,1808,1815,1816,1824,1825,1826,1828,1835,1847,1853,1861,1867,1879,1882,1884,1888,1898,1903,1910,1912,1920,1921,1932,1936,1937,1939,1940,1943,1946,1958,1961,1974,1977,1979,1984,1988,1992,2012,2021,2023,2025,2031,2034,2036,2042,2045,2046,2060,2078,2081,2088,2090,2091,2092,2093,2097,2105,2108,2120,2127,2130,2137,2138,2140,2148,2149,2154,2160,2190,2192,2194,2201,2206,2209,2210,2211,2213,2215,2217,2218,2219,2222,2230,2240,2243,2247,2253,2255,2257,2258,2261,2266,2280,2281,2283,2285,2292,2300,2305,2311,2314,2316,2319,2320,2324,2328,2330,2338,2340,2342,2344,2348,2351,2362,2368,2369,2371,2380,2384,2388,2389,2395,2399,2412,2413,2424,2439,2442,2444,2445,2449,2450,2453,2470,2472,2475,2481,2482,2487,2488,2492,2499,2505,2512,2515,2540,2543,2547,2553,2560,2564,2568,2569,2574,2596,2608,2616,2617,2621,2628,2632,2644,2653,2663,2668,2683,2686,2687,2693,2698,2700,2702,2703,2709,2711,2713,2725,2726,2729,2730,2738,2746,2747,2749,2753,2758,2760,2761,2767,2768,2774,2780,2781,2782,2793,2798,2799,2801,2809,2812,2816,2823,2825,2827,2830,2833,2838,2843,2851,2855,2870,2876,2878,2879,2910,2912,2922,2924,2928,2931,2934,2936,2937,2942,2946,2947,2948,2949,2955,2958,2961,2962,2964,2966,2971,2975,2976,2977,2980,2982,2985,2987,2990,2993,2994,2997,3004,3008,3021,3030,3031,3045,3058,3064,3066,3073,3077,3081,3082,3085,3086,3087,3100,3107,3112,3129,3130,3141,3148,3149,3151,3153,3154,3156,3162,3164,3170,3178,3181,3185,3186,3200,3204,3210,3217
71.5983813859383,71.51407857022424,3369.0,3379.0
1,17,21,24,25,28,32,35,40,41,44,46,48,52,56,60,70,83,84,88,90,105,110,114,119,124,131,133,141,144,147,161,173,175,188,192,202,206,220,230,233,236,240,251,252,268,273,280,284,295,300,303,309,311,323,325,326,343,356,358,372,382,397,401,405,408,416,426,427,429,431,433,435,447,466,468,474,485,491,495,505,514,519,536,547,550,552,560,563,565,568,569,572,574,586,587,589,595,598,599,600,604,606,616,617,620,622,628,634,637,646,650,651,661,665,669,671,672,674,675,681,683,684,686,688,694,702,706,711,712,716,732,737,738,752,759,762,768,770,771,775,776,790,798,808,809,810,812,813,814,818,820,822,826,834,843,851,859,861,868,871,873,874,881,886,887,891,892,893,904,905,911,919,923,934,935,941,963,965,972,974,981,983,989,991,1003,1004,1005,1025,1035,1041,1042,1052,1070,1074,1085,1088,1097,1098,1100,1102,1107,1111,1117,1118,1120,1121,1123,1130,1136,1141,1142,1152,1154,1165,1167,1170,1172,1175,1177,1180,1182,1186,1187,1195,1196,1200,1206,1207,1209,1226,1227,1228,1237,1238,1239,1240,1243,1248,1251,1255,1256,1257,1261,1264,1268,1273,1275,1277,1289,1291,1297,1300,1304,1316,1321,1322,1326,1332,1339,1340,1342,1343,1349,1359,1362,1365,1370,1376,1382,1383,1385,1388,1389,1392,1395,1399,1401,1402,1415,1416,1419,1424,1436,1441,1442,1447,1459,1463,1467,1474,1475,1479,1483,1487,1490,1493,1504,1507,1508,1516,1518,1520,1521,1538,1541,1543,1556,1560,1564,1575,1578,1585,1586,1599,1601,1603,1606,1622,1625,1629,1633,1636,1642,1644,1646,1649,1651,1655,1660,1663,1666,1675,1686,1687,1688,1691,1694,1695,1701,1715,1721,1724,1727,1731,1735,1749,1750,1751,1754,1761,1768,1769,1774,1778,1781,1785,1793,1801,1806,1812,1816,1825,1838,1842,1845,1847,1855,1858,1860,1862,1866,1880,1881,1894,1907,1909,1911,1921,1928,1931,1932,1950,1951,1953,1959,1962,1966,1968,1971,1974,1975,1980,1992,1997,2005,2011,2017,2021,2024,2041,2052,2053,2055,2058,2059,2061,2062,2070,2073,2074,2077,2078,2079,2080,2082,2085,2086,2089,2115,2116,2120,2124,2127,2131,2138,2139,2146,2151,2155,2158,2163,2164,2165,2167,2171,2175,2176,2177,2183,2200,2209,2211,2212,2222,2224,2234,2239,2245,2249,2253,2255,2266,2268,2270,2275,2280,2283,2290,2294,2297,2298,2300,2302,2303,2306,2308,2318,2321,2322,2324,2325,2345,2347,2355,2356,2371,2377,2381,2394,2396,2400,2401,2410,2417,2425,2426,2434,2441,2442,2444,2449,2453,2454,2463,2464,2467,2468,2469,2477,2482,2483,2488,2491,2492,2495,2496,2501,2504,2512,2514,2519,2525,2535,2537,2539,2541,2545,2547,2549,2554,2556,2557,2559,2560,2564,2567,2575,2576,2577,2578,2579,2581,2583,2587,2590,2600,2604,2607,2616,2626,2632,2636,2637,2638,2641,2650,2656,2657,2658,2673,2675,2679,2682,2683,2687,2691,2692,2710,2712,2714,2715,2717,2722,2725,2733,2742,2746,2748,2749,2753,2761,2762,2767,2784,2792,2802,2814,2815,2820,2825,2828,2834,2840,2848,2859,2861,2870,2872,2874,2878,2891,2897,2901,2903,2909,2913,2915,2916,2917,2921,2931,2936,2944,2947,2951,2955,2961,2963,2967,2972,2973,2974,2979,3013,3029,3037,3039,3044,3049,3062,3070,3074,3078,3079,3081,3089,3100,3102,3107,3109,3119,3120,3126,3133,3136,3139,3141,3144,3150,3151,3156,3158,3159,3167,3170,3172,3176,3180,3183,3185,3186,3188,3191,3199,3210,3212,3215,3217
71.68268420165234,71.55622997808126,3359.0,3374.0
0,3,13,14,22,27,44,48,53,59,65,70,73,78,81,82,84,86,92,102,105,114,118,120,127,144,145,162,163,165,171,172,175,180,186,200,214,223,224,234,238,240,248,250,253,255,258,267,268,277,282,284,288,290,295,304,306,307,328,339,344,348,352,354,358,360,361,362,363,365,369,373,375,377,385,388,394,397,401,408,413,415,420,421,428,429,431,438,451,463,475,477,482,492,494,498,500,503,513,515,518,519,528,529,534,538,541,542,544,549,551,552,554,556,559,561,564,566,570,571,575,588,600,608,617,621,634,635,640,644,645,646,649,655,659,669,670,675,676,677,689,698,700,702,704,706,712,716,718,725,731,735,737,738,742,746,750,753,754,771,778,779,783,793,795,802,804,814,816,820,824,841,842,850,865,874,875,878,881,884,886,889,890,896,898,899,902,906,911,912,913,916,918,924,932,938,944,946,948,955,956,957,970,971,1000,1001,1006,1009,1010,1018,1022,1023,1032,1036,1038,1042,1057,1064,1068,1071,1097,1098,1100,1102,1104,1114,1116,1122,1123,1130,1134,1143,1144,1150,1151,1156,1157,1162,1163,1164,1165,1171,1173,1175,1178,1182,1190,1192,1194,1198,1203,1206,1207,1208,1215,1224,1227,1228,1231,1242,1243,1246,1247,1255,1269,1271,1272,1286,1287,1293,1294,1296,1302,1308,1312,1314,1315,1317,1319,1325,1327,1342,1344,1352,1355,1359,1361,1372,1374,1393,1400,1406,1419,1427,1428,1442,1444,1451,1457,1460,1477,1479,1496,1498,1503,1511,1512,1513,1517,1530,1534,1543,1549,1551,1552,1555,1556,1560,1561,1562,1577,1588,1591,1592,1593,1595,1596,1598,1599,1600,1602,1604,1609,1615,1620,1621,1622,1623,1630,1631,1632,1633,1640,1642,1654,1655,1659,1667,1669,1670,1684,1687,1697,1699,1700,1704,1709,1710,1711,1714,1717,1722,1731,1738,1740,1742,1743,1744,1748,1753,1760,1761,1763,1770,1773,1774,1786,1788,1792,1796,1804,1812,1814,1815,1833,1837,1838,1858,1867,1872,1884,1886,1900,1902,1903,1905,1917,1918,1922,1930,1939,1943,1945,1947,1951,1952,1956,1963,1967,1974,1976,1983,1987,1989,1993,2003,2011,2015,2018,2024,2031,2043,2048,2062,2063,2071,2075,2080,2081,2084,2096,2098,2115,2117,2123,2131,2133,2147,2156,2171,2181,2183,2190,2199,2200,2203,2207,2210,2219,2224,2225,2236,2239,2240,2241,2262,2265,2269,2273,2274,2285,2287,2293,2297,2302,2304,2305,2311,2325,2330,2332,2341,2342,2344,2351,2353,2355,2357,2364,2365,2366,2368,2372,2376,2383,2388,2393,2398,2402,2411,2412,2413,2420,2421,2425,2426,2430,2437,2439,2440,2449,2452,2457,2458,2463,2466,2469,2476,2477,2487,2492,2493,2502,2512,2515,2519,2527,2529,2530,2542,2543,2554,2569,2573,2575,2576,2578,2590,2593,2594,2597,2598,2601,2602,2609,2610,2613,2616,2619,2620,2622,2625,2629,2630,2637,2642,2643,2644,2648,2671,2675,2677,2686,2698,2700,2703,2713,2714,2715,2720,2722,2727,2738,2740,2746,2753,2754,2755,2758,2763,2772,2780,2788,2792,2806,2807,2810,2812,2817,2818,2825,2827,2832,2833,2835,2836,2841,2843,2848,2850,2854,2861,2866,2868,2876,2890,2894,2896,2899,2905,2917,2918,2921,2924,2943,2946,2950,2957,2958,2962,2967,2974,2975,2982,2984,2988,2994,3001,3005,3012,3026,3028,3033,3040,3043,3045,3046,3047,3049,3054,3058,3063,3074,3079,3084,3086,3098,3100,3111,3114,3122,3124,3127,3130,3136,3149,3150,3153,3161,3164,3165,3166,3179,3184,3187,3189,3202,3209,3217
72.07890743550834,71.71640532793795,3312.0,3355.0
0,5,6,8,10,35,49,51,56,57,58,60,71,78,85,94,100,105,107,114,120,121,125,131,132,134,142,148,158,160,163,166,171,187,190,196,201,202,206,216,227,237,242,245,247,248,260,263,266,267,272,275,281,282,285,287,290,292,300,310,312,315,325,329,339,345,348,350,357,358,360,362,363,364,366,369,380,385,386,387,389,391,392,394,398,401,403,408,409,429,433,448,451,452,455,462,469,471,480,481,497,498,499,500,506,507,515,534,537,544,552,553,557,562,571,572,580,585,586,600,605,608,610,613,625,641,644,656,658,659,664,665,670,679,681,686,687,689,691,697,703,710,714,718,719,731,735,745,749,751,752,753,756,758,760,768,771,774,777,779,782,785,787,788,794,795,799,800,801,804,806,807,809,812,814,821,824,829,830,832,840,853,854,855,864,866,869,870,872,874,875,882,904,909,910,919,937,939,945,947,948,951,957,961,962,963,967,971,983,984,988,989,1013,1022,1026,1028,1029,1033,1034,1042,1054,1055,1061,1063,1067,1089,1097,1098,1104,1109,1118,1124,1126,1129,1130,1136,1140,1149,1157,1158,1159,1164,1166,1167,1169,1170,1171,1175,1176,1179,1182,1183,1191,1192,1194,1197,1201,1204,1212,1228,1254,1255,1258,1261,1275,1277,1281,1296,1307,1309,1310,1311,1317,1318,1323,1325,1334,1336,1337,1345,1346,1354,1360,1364,1366,1373,1376,1381,1383,1396,1400,1401,1406,1411,1415,1416,1419,1421,1423,1428,1430,1431,1437,1440,1453,1456,1460,1464,1476,1479,1481,1489,1492,1493,1516,1517,1519,1522,1530,1535,1546,1548,1549,1551,1581,1583,1586,1597,1601,1604,1605,1611,1617,1618,1619,1624,1626,1640,1641,1643,1647,1648,1659,1661,1677,1681,1692,1698,1704,1705,1725,1726,1728,1729,1730,1733,1771,1780,1797,1800,1809,1812,1814,1816,1818,1821,1824,1826,1831,1833,1835,1836,1854,1859,1860,1865,1866,1868,1873,1876,1877,1890,1897,1902,1910,1912,1918,1919,1923,1929,1932,1936,1939,1941,1947,1948,1949,1963,1964,1969,1970,1975,1976,1981,1983,1984,1993,2012,2020,2021,2022,2023,2024,2033,2036,2038,2047,2058,2063,2065,2067,2072,2076,2079,2086,2087,2099,2100,2117,2118,2126,2135,2145,2151,2171,2172,2175,2176,2181,2187,2192,2193,2195,2196,2199,2203,2205,2210,2214,2217,2220,2222,2227,2242,2250,2255,2258,2261,2263,2270,2278,2282,2295,2301,2302,2304,2308,2317,2322,2331,2334,2336,2344,2345,2348,2349,2350,2352,2355,2359,2360,2362,2365,2371,2378,2380,2383,2388,2396,2401,2402,2405,2408,2412,2414,2419,2422,2428,2433,2434,2435,2438,2442,2446,2456,2458,2459,2460,2461,2468,2476,2482,2486,2494,2497,2502,2508,2511,2514,2522,2523,2524,2529,2531,2540,2553,2557,2560,2563,2564,2571,2572,2582,2587,2596,2602,2605,2632,2638,2645,2647,2656,2657,2673,2681,2686,2689,2691,2704,2706,2708,2721,2738,2745,2746,2754,2755,2759,2761,2768,2770,2773,2776,2787,2790,2794,2803,2810,2817,2819,2823,2825,2830,2831,2834,2836,2841,2842,2843,2845,2851,2853,2869,2872,2878,2880,2886,2889,2895,2898,2899,2909,2910,2919,2927,2928,2932,2934,2958,2962,2963,2964,2967,2968,2986,2990,2994,2996,3001,3004,3009,3013,3018,3023,3025,3027,3031,3032,3033,3037,3042,3049,3050,3060,3064,3072,3073,3075,3079,3081,3082,3100,3111,3113,3114,3117,3118,3119,3120,3127,3133,3148,3151,3158,3160,3161,3163,3168,3173,3175,3179,3184,3188,3189,3202,3204,3207,3215,3218
71.95245321193728,71.69111448322374,3327.0,3358.0
5,13,27,37,38,39,51,63,68,72,73,76,82,86,88,89,92,97,98,101,102,115,116,117,122,123,124,126,130,140,143,145,150,152,155,156,157,161,162,164,167,175,178,185,186,193,195,207,209,212,213,217,218,225,230,235,236,242,248,250,254,255,258,283,298,299,304,307,315,316,318,319,323,333,336,340,341,343,346,350,357,368,369,370,371,372,373,379,382,385,387,390,394,401,403,404,414,418,420,435,441,445,447,452,457,459,463,469,476,483,485,491,493,502,505,508,510,511,514,523,529,530,531,533,540,541,546,557,560,561,565,566,575,589,594,600,601,605,610,614,615,617,621,625,628,629,637,639,645,646,649,651,660,663,668,669,677,683,696,697,698,699,700,702,706,711,729,731,746,747,756,774,775,779,781,784,795,797,802,808,809,813,815,818,819,829,839,840,843,844,851,855,860,872,883,891,897,901,908,914,918,922,924,926,932,935,940,947,948,950,962,963,970,973,979,993,994,1001,1007,1008,1012,1017,1028,1032,1034,1040,1042,1048,1053,1054,1067,1068,1069,1070,1080,1083,1084,1085,1091,1098,1100,1125,1134,1140,1142,1154,1159,1173,1184,1185,1186,1188,1189,1192,1197,1202,1211,1213,1215,1216,1226,1243,1263,1264,1267,1268,1284,1286,1296,1300,1305,1310,1312,1314,1319,1320,1339,1344,1349,1351,1360,1361,1363,1376,1378,1379,1391,1396,1398,1400,1401,1413,1414,1416,1417,1423,1432,1434,1445,1446,1447,1473,1476,1481,1487,1496,1498,1505,1509,1510,1514,1523,1532,1536,1537,1539,1552,1558,1563,1565,1566,1568,1569,1570,1573,1580,1586,1594,1602,1608,1616,1618,1629,1633,1638,1641,1645,1648,1651,1657,1658,1667,1668,1671,1674,1682,1684,1689,1699,1706,1712,1718,1722,1727,1730,1731,1733,1734,1735,1739,1747,1750,1751,1761,1762,1772,1773,1777,1780,1790,1793,1799,1800,1803,1805,1815,1822,1829,1830,1833,1841,1845,1847,1848,1850,1867,1873,1880,1885,1886,1888,1891,1894,1903,1917,1918,1929,1933,1953,1955,1957,1960,1964,1965,1977,1981,1986,1988,1990,1994,1996,2001,2003,2004,2005,2007,2008,2009,2011,2013,2018,2025,2027,2029,2039,2040,2055,2056,2057,2074,2076,2080,2082,2085,2087,2100,2103,2111,2123,2124,2130,2132,2134,2139,2143,2150,2156,2158,2164,2167,2169,2170,2171,2173,2174,2175,2182,2184,2191,2192,2198,2203,2218,2224,2227,2242,2243,2256,2257,2268,2277,2282,2285,2286,2289,2291,2294,2299,2305,2322,2329,2336,2339,2344,2345,2347,2354,2355,2365,2366,2371,2380,2383,2387,2395,2407,2410,2417,2418,2426,2431,2434,2441,2445,2450,2451,2459,2463,2468,2477,2480,2482,2510,2511,2518,2524,2526,2542,2551,2554,2563,2564,2565,2567,2576,2583,2590,2596,2599,2608,2609,2616,2639,2645,2651,2667,2668,2671,2674,2676,2677,2679,2683,2684,2690,2694,2696,2700,2703,2715,2723,2724,2729,2741,2743,2749,2750,2758,2767,2772,2775,2777,2783,2788,2791,2794,2798,2803,2806,2815,2824,2828,2829,2833,2835,2838,2842,2844,2847,2854,2856,2867,2868,2870,2872,2878,2884,2888,2889,2892,2898,2900,2902,2903,2904,2907,2908,2909,2911,2915,2921,2931,2932,2934,2936,2938,2943,2951,2954,2956,2959,2969,2981,2983,2984,2985,2986,2988,2994,2999,3014,3028,3030,3036,3039,3047,3048,3049,3056,3060,3064,3068,3071,3081,3090,3094,3096,3101,3110,3118,3125,3126,3129,3130,3140,3145,3158,3159,3160,3169,3170,3186,3191,3194,3199,3200,3206,3207,3216
71.96088349350869,71.69954476479515,3326.0,3357.0
1,4,25,32,49,54,56,58,66,72,76,83,96,104,105,118,121,122,132,135,141,149,150,153,159,163,166,168,172,179,188,190,192,193,198,203,204,206,213,217,226,229,233,235,240,244,247,249,253,256,262,263,265,267,272,273,274,275,278,279,280,283,288,294,302,311,327,332,335,336,338,343,349,352,354,359,360,361,366,371,378,379,380,395,400,408,410,412,415,421,428,432,436,437,438,442,446,468,469,475,476,478,485,493,496,499,503,510,511,517,526,527,528,536,545,552,556,564,566,579,582,587,592,596,612,614,615,619,623,626,627,633,635,636,649,652,656,657,658,659,661,663,668,673,676,684,685,696,699,716,720,736,744,748,749,751,753,778,783,792,807,808,810,815,816,824,832,833,834,840,853,857,864,865,867,868,870,872,873,891,892,893,900,910,912,915,924,928,930,933,942,943,944,947,948,951,960,970,979,1005,1012,1013,1019,1022,1028,1031,1043,1044,1046,1052,1056,1063,1066,1069,1075,1077,1084,1089,1095,1100,1115,1118,1119,1126,1132,1134,1151,1152,1158,1159,1160,1168,1171,1183,1190,1191,1192,1197,1198,1202,1203,1206,1209,1214,1215,1217,1226,1227,1228,1229,1231,1232,1242,1243,1245,1246,1247,1256,1269,1277,1279,1285,1293,1301,1302,1308,1310,1316,1320,1331,1340,1343,1358,1360,1362,1364,1366,1370,1375,1378,1388,1396,1397,1399,1402,1407,1415,1416,1422,1427,1428,1429,1430,1436,1440,1450,1453,1460,1473,1479,1480,1484,1499,1508,1509,1510,1518,1520,1528,1531,1532,1541,1546,1549,1551,1553,1556,1557,1559,1571,1573,1583,1585,1588,1593,1604,1609,1611,1613,1614,1617,1620,1621,1622,1623,1625,1630,1631,1642,1643,1664,1666,1671,1672,1674,1679,1681,1691,1699,1703,1705,1707,1709,1715,1721,1726,1731,1737,1741,1742,1751,1752,1756,1763,1766,1767,1780,1786,1791,1793,1794,1799,1800,1813,1817,1818,1835,1842,1864,1871,1874,1877,1881,1884,1886,1889,1897,1898,1900,1902,1915,1916,1919,1920,1925,1931,1938,1946,1955,1962,1963,1969,1980,1981,1985,1987,1988,1989,2001,2004,2014,2021,2022,2025,2026,2033,2034,2035,2037,2043,2054,2063,2075,2076,2077,2081,2086,2090,2094,2095,2097,2100,2101,2108,2109,2112,2118,2122,2125,2129,2151,2156,2157,2158,2159,2161,2167,2174,2182,2189,2190,2196,2201,2211,2218,2220,2223,2224,2230,2232,2234,2238,2239,2251,2261,2264,2273,2279,2280,2297,2300,2322,2323,2324,2327,2344,2345,2349,2350,2351,2357,2358,2363,2366,2367,2384,2394,2395,2407,2410,2417,2421,2423,2427,2430,2444,2447,2448,2454,2458,2465,2467,2468,2470,2472,2473,2483,2486,2487,2489,2491,2504,2506,2509,2514,2523,2528,2530,2533,2545,2550,2553,2554,2556,2557,2560,2571,2572,2579,2582,2587,2588,2593,2595,2606,2608,2611,2614,2618,2629,2632,2634,2635,2637,2641,2644,2648,2655,2663,2676,2679,2691,2693,2696,2708,2716,2732,2733,2744,2749,2755,2757,2762,2763,2765,2768,2772,2774,2783,2785,2787,2789,2796,2797,2801,2804,2806,2815,2819,2824,2827,2829,2830,2833,2838,2844,2845,2846,2848,2852,2857,2874,2878,2886,2887,2888,2891,2894,2897,2899,2900,2908,2913,2927,2934,2942,2948,2949,2950,2951,2961,2963,2964,2965,2973,2975,2977,2981,2984,2985,2988,3004,3006,3009,3013,3014,3019,3022,3026,3027,3032,3043,3045,3046,3050,3051,3059,3073,3106,3125,3127,3131,3132,3150,3154,3155,3160,3162,3163,3168,3169,3181,3186,3190,3193,3205,3207,3214,3218
72.24751306693643,72.21379194065082,3292.0,3296.0
0,6,8,9,11,15,18,27,33,40,42,50,51,56,57,58,59,67,71,78,80,85,87,92,95,111,114,117,123,126,145,150,167,174,178,181,192,204,206,223,224,232,238,244,253,264,265,276,282,283,295,301,304,305,306,310,312,318,322,324,328,330,350,353,355,356,380,386,391,393,396,406,414,417,423,426,427,433,434,445,452,459,460,467,483,489,493,496,508,511,512,516,518,521,533,537,543,547,550,552,558,562,563,571,574,577,582,583,588,594,600,601,608,610,614,621,630,637,639,649,653,656,657,666,674,676,677,681,687,694,696,697,701,712,716,717,719,721,737,742,744,745,758,759,764,765,766,772,774,787,788,796,799,818,823,827,831,833,834,835,840,850,851,852,861,870,872,874,879,887,890,892,901,905,907,916,921,925,929,931,941,942,944,946,948,949,954,961,964,969,976,977,984,994,995,1001,1005,1007,1008,1014,1020,1023,1031,1032,1040,1041,1042,1044,1061,1062,1063,1065,1075,1079,1080,1088,1097,1099,1103,1104,1108,1113,1116,1126,1134,1137,1138,1141,1152,1160,1162,1165,1171,1173,1174,1177,1184,1187,1189,1191,1201,1207,1211,1221,1223,1225,1228,1232,1233,1235,1249,1260,1270,1272,1284,1304,1309,1312,1316,1323,1325,1326,1329,1330,1332,1338,1343,1348,1356,1359,1361,1364,1373,1376,1387,1390,1393,1395,1398,1408,1410,1422,1424,1427,1430,1431,1438,1443,1444,1449,1454,1465,1467,1471,1474,1476,1479,1484,1486,1491,1498,1499,1504,1513,1514,1515,1516,1519,1528,1534,1537,1539,1541,1544,1551,1554,1566,1570,1573,1578,1579,1582,1588,1591,1597,1600,1607,1609,1610,1617,1618,1620,1625,1627,1632,1634,1635,1636,1642,1649,1650,1656,1657,1659,1662,1663,1671,1672,1681,1682,1688,1689,1690,1698,1699,1704,1715,1718,1722,1727,1729,1737,1745,1751,1755,1762,1774,1784,1788,1793,1797,1799,1802,1806,1808,1827,1831,1836,1840,1845,1848,1853,1857,1867,1868,1872,1873,1876,1878,1881,1887,1890,1896,1899,1909,1910,1915,1922,1939,1941,1943,1952,1955,1958,1961,1965,1971,1974,1978,1980,1983,1984,1987,1992,1995,2004,2010,2012,2022,2027,2032,2040,2041,2044,2049,2058,2064,2068,2075,2077,2090,2101,2103,2109,2111,2112,2119,2128,2142,2144,2146,2147,2153,2154,2155,2156,2159,2164,2166,2167,2174,2177,2181,2184,2185,2188,2189,2196,2197,2199,2202,2208,2211,2218,2219,2222,2232,2233,2254,2271,2275,2281,2282,2285,2295,2301,2305,2313,2324,2330,2331,2332,2333,2334,2338,2339,2340,2353,2360,2363,2368,2370,2371,2384,2388,2390,2391,2400,2401,2404,2410,2415,2428,2429,2430,2431,2432,2433,2442,2448,2455,2461,2464,2466,2468,2470,2475,2478,2486,2518,2524,2532,2540,2542,2546,2548,2549,2559,2569,2572,2573,2575,2584,2585,2599,2600,2602,2606,2610,2618,2619,2621,2622,2627,2635,2637,2645,2649,2650,2656,2667,2674,2685,2687,2689,2690,2697,2703,2704,2708,2713,2715,2718,2722,2730,2733,2734,2736,2753,2754,2756,2762,2763,2769,2777,2781,2783,2786,2788,2802,2815,2818,2829,2839,2850,2851,2852,2854,2862,2865,2866,2867,2868,2885,2886,2895,2904,2915,2920,2931,2932,2934,2935,2941,2945,2947,2950,2952,2963,2964,2967,2969,2982,2984,2987,2995,2996,2997,3003,3020,3026,3028,3032,3041,3049,3053,3054,3057,3078,3083,3085,3087,3088,3095,3102,3106,3113,3122,3139,3141,3142,3145,3149,3155,3161,3164,3166,3170,3182,3184,3187,3189,3198,3201,3203,3205,3207,3208,3218
72.10419828022256,72.00303490136571,3309.0,3321.0
13,15,17,21,25,29,39,41,43,46,56,62,74,75,76,77,82,84,91,95,96,108,113,114,129,132,136,153,155,156,162,170,184,185,201,203,211,228,232,233,238,247,261,265,266,270,281,284,290,296,297,299,303,314,318,319,326,338,344,346,348,354,356,357,360,369,377,380,384,387,388,392,394,398,422,429,431,432,435,438,448,456,457,470,471,481,482,485,495,496,504,505,513,527,532,535,539,542,543,561,570,571,576,587,588,598,599,602,609,612,614,624,633,637,638,645,649,653,659,660,661,675,677,682,685,698,702,713,714,750,751,755,758,760,766,767,771,772,780,783,792,800,810,815,816,817,820,828,829,837,843,844,846,850,851,855,860,861,866,869,879,881,883,884,886,903,909,911,913,929,934,937,948,950,957,963,974,983,986,993,994,1003,1015,1018,1019,1020,1025,1035,1037,1047,1067,1074,1076,1078,1079,1080,1083,1084,1089,1090,1091,1102,1110,1114,1118,1120,1127,1128,1129,1133,1134,1145,1149,1151,1152,1157,1164,1174,1184,1193,1205,1206,1207,1213,1215,1222,1224,1226,1229,1230,1239,1242,1251,1258,1264,1265,1270,1273,1274,1276,1280,1291,1298,1305,1309,1318,1324,1332,1333,1335,1343,1344,1349,1351,1353,1358,1359,1362,1365,1366,1367,1368,1374,1378,1382,1384,1387,1394,1406,1409,1416,1420,1428,1432,1434,1441,1446,1456,1458,1472,1476,1477,1481,1483,1489,1490,1494,1496,1497,1506,1509,1510,1513,1515,1516,1520,1522,1524,1526,1536,1537,1540,1542,1549,1554,1564,1568,1570,1578,1580,1583,1591,1592,1606,1607,1610,1612,1613,1615,1628,1629,1630,1634,1637,1647,1649,1650,1655,1656,1660,1667,1670,1671,1673,1676,1679,1682,1683,1693,1694,1698,1703,1706,1707,1712,1717,1720,1724,1731,1734,1737,1743,1745,1746,1749,1750,1766,1767,1772,1773,1803,1809,1815,1829,1834,1837,1838,1842,1846,1850,1854,1855,1859,1860,1861,1863,1866,1868,1870,1871,1874,1876,1879,1881,1894,1902,1903,1904,1907,1910,1913,1915,1920,1935,1940,1942,1949,1951,1952,1954,1965,1966,1973,1986,1994,1999,2012,2016,2030,2032,2034,2044,2046,2055,2064,2066,2071,2072,2075,2077,2084,2086,2090,2094,2099,2101,2116,2119,2130,2132,2147,2149,2154,2155,2158,2170,2173,2177,2181,2183,2184,2186,2194,2197,2202,2204,2205,2206,2223,2225,2226,2233,2237,2245,2251,2252,2262,2274,2278,2279,2284,2299,2300,2304,2305,2307,2318,2319,2320,2324,2327,2334,2342,2343,2353,2356,2357,2365,2368,2384,2386,2389,2396,2398,2401,2403,2405,2409,2412,2415,2416,2419,2432,2437,2444,2449,2453,2455,2459,2474,2477,2495,2500,2506,2513,2530,2532,2537,2540,2543,2546,2548,2552,2559,2560,2566,2568,2569,2579,2583,2598,2599,2602,2604,2606,2607,2620,2621,2624,2626,2632,2633,2643,2646,2647,2660,2665,2669,2670,2690,2691,2696,2700,2709,2710,2711,2712,2713,2715,2719,2721,2724,2728,2733,2739,2744,2746,2750,2751,2754,2755,2758,2760,2762,2763,2768,2769,2773,2774,2775,2776,2778,2785,2795,2801,2804,2815,2816,2820,2821,2825,2832,2833,2836,2841,2847,2849,2851,2862,2865,2869,2874,2875,2880,2884,2886,2895,2900,2901,2902,2905,2907,2909,2915,2917,2924,2925,2926,2930,2933,2935,2937,2942,2943,2945,2947,2953,2964,2970,2971,2989,2992,2995,3009,3021,3029,3039,3044,3046,3049,3052,3058,3059,3062,3083,3085,3100,3108,3118,3127,3131,3138,3139,3143,3146,3149,3159,3165,3168,3179,3183,3184,3185,3188,3189,3190,3196,3197,3206
72.26437363007925,72.15477996965099,3290.0,3303.0
2,9,10,27,28,36,37,38,40,45,50,51,52,64,68,72,73,75,77,78,88,91,94,95,99,112,115,120,128,148,151,152,161,169,170,175,177,188,198,205,211,214,217,229,230,236,239,240,247,251,273,279,289,304,305,306,311,312,316,324,326,327,334,336,339,341,345,352,362,370,371,379,382,384,391,392,395,401,412,415,419,420,423,425,430,431,434,438,439,457,458,461,465,466,475,476,479,481,482,485,491,500,501,505,507,516,522,526,531,545,546,550,552,559,561,562,578,582,593,595,601,618,622,623,638,639,672,699,700,702,703,704,717,718,720,722,724,728,730,743,744,748,749,753,758,764,770,776,779,780,787,788,789,797,798,800,806,808,810,816,827,828,833,835,844,847,861,862,863,864,868,873,883,884,902,905,912,915,916,927,937,942,945,946,947,949,956,961,964,988,992,1002,1007,1009,1010,1012,1017,1019,1027,1034,1045,1047,1055,1062,1065,1069,1074,1075,1080,1084,1086,1089,1090,1093,1095,1097,1100,1102,1105,1108,1116,1121,1123,1124,1130,1133,1135,1139,1144,1146,1148,1158,1167,1169,1171,1184,1186,1187,1195,1200,1212,1214,1219,1222,1223,1229,1231,1236,1238,1249,1251,1263,1265,1267,1276,1277,1283,1300,1305,1313,1315,1333,1336,1343,1354,1358,1360,1377,1387,1388,1393,1397,1411,1426,1427,1432,1442,1443,1446,1448,1456,1463,1464,1469,1471,1475,1478,1479,1484,1485,1486,1489,1490,1497,1500,1515,1519,1525,1528,1531,1542,1566,1567,1577,1588,1596,1600,1603,1605,1618,1619,1623,1626,1636,1637,1639,1640,1646,1648,1652,1655,1656,1660,1661,1663,1669,1671,1672,1673,1682,1684,1685,1697,1701,1706,1709,1718,1720,1724,1727,1730,1747,1748,1749,1750,1754,1761,1763,1787,1804,1809,1814,1820,1833,1836,1847,1848,1850,1853,1854,1861,1867,1868,1874,1876,1878,1880,1881,1889,1890,1891,1900,1902,1903,1908,1910,1913,1927,1929,1938,1940,1941,1944,1949,1953,1955,1956,1957,1964,1969,1975,1980,1982,1987,1995,1996,1997,2000,2002,2005,2008,2010,2022,2023,2028,2035,2036,2044,2052,2054,2055,2056,2058,2063,2066,2072,2076,2078,2080,2082,2092,2095,2096,2099,2102,2111,2114,2117,2123,2134,2141,2143,2144,2151,2152,2154,2155,2162,2165,2167,2169,2170,2172,2175,2183,2187,2188,2192,2195,2197,2203,2210,2216,2217,2218,2221,2225,2227,2230,2233,2236,2247,2249,2265,2266,2272,2274,2279,2280,2282,2285,2291,2292,2314,2316,2320,2325,2326,2331,2339,2342,2343,2344,2345,2350,2354,2357,2359,2360,2364,2379,2384,2390,2397,2400,2407,2414,2421,2424,2447,2452,2463,2470,2476,2482,2484,2485,2488,2511,2515,2517,2519,2521,2527,2530,2538,2539,2540,2553,2554,2558,2561,2566,2570,2572,2576,2585,2590,2591,2593,2594,2596,2598,2605,2606,2613,2627,2631,2633,2639,2647,2655,2661,2664,2665,2668,2671,2675,2680,2681,2686,2688,2697,2701,2705,2706,2709,2713,2714,2716,2720,2722,2724,2732,2735,2736,2738,2744,2745,2750,2771,2773,2777,2782,2784,2787,2793,2797,2801,2808,2814,2823,2824,2826,2830,2834,2835,2837,2856,2857,2862,2864,2868,2873,2874,2879,2884,2893,2895,2898,2900,2905,2911,2925,2927,2928,2934,2936,2942,2947,2949,2952,2970,2981,2982,2986,2987,2989,2993,2999,3004,3009,3012,3013,3014,3015,3025,3027,3032,3040,3045,3052,3054,3056,3073,3091,3101,3104,3111,3116,3119,3123,3129,3130,3139,3147,3151,3156,3161,3166,3167,3173,3187,3191,3197,3201,3204,3211,3213
72.1716405327938,72.07047715393693,3301.0,3313.0
0,1,5,9,25,33,36,39,40,43,45,47,49,52,64,67,69,71,78,81,82,87,88,91,92,95,98,106,112,115,116,123,137,140,143,147,149,151,153,154,156,159,171,190,191,194,198,201,205,206,211,212,222,239,240,241,243,251,257,273,284,286,287,290,293,299,306,322,326,328,334,348,368,371,373,375,376,381,394,401,402,409,413,415,418,419,442,447,449,450,451,458,461,469,475,478,480,481,485,495,498,507,514,518,519,525,535,536,542,544,547,559,560,563,564,576,577,583,589,590,593,600,601,602,634,637,638,640,642,646,651,652,653,654,658,666,667,668,669,674,681,683,698,706,715,723,728,731,736,740,757,771,773,775,777,779,786,799,801,804,809,828,833,834,836,843,844,848,849,863,864,871,872,881,887,919,921,926,937,939,943,944,946,949,953,954,957,959,962,964,965,966,967,970,981,983,991,997,998,1001,1008,1009,1028,1030,1032,1033,1035,1036,1039,1045,1050,1060,1063,1064,1065,1072,1075,1078,1081,1085,1086,1088,1091,1094,1103,1107,1109,1113,1120,1122,1123,1129,1130,1133,1134,1141,1150,1151,1158,1170,1175,1180,1188,1189,1195,1203,1208,1211,1213,1215,1224,1226,1236,1243,1251,1255,1260,1261,1262,1277,1280,1283,1284,1285,1290,1292,1293,1296,1298,1312,1315,1333,1335,1338,1339,1353,1354,1355,1361,1369,1376,1379,1383,1396,1400,1402,1406,1411,1412,1421,1425,1430,1433,1442,1443,1444,1453,1462,1466,1475,1481,1482,1487,1490,1497,1506,1511,1518,1519,1520,1521,1526,1527,1533,1542,1549,1552,1571,1573,1580,1584,1587,1597,1605,1609,1611,1620,1625,1643,1650,1653,1672,1673,1675,1680,1682,1683,1695,1708,1730,1736,1739,1740,1752,1754,1757,1758,1764,1765,1767,1769,1774,1789,1790,1802,1806,1814,1819,1830,1838,1841,1846,1847,1849,1852,1854,1860,1871,1875,1878,1885,1886,1887,1893,1897,1898,1899,1909,1912,1917,1921,1922,1924,1926,1930,1932,1939,1946,1954,1959,1964,1966,1976,1978,1980,1985,1986,1992,2003,2004,2007,2016,2018,2029,2033,2034,2042,2046,2052,2061,2066,2069,2070,2083,2085,2093,2101,2102,2104,2113,2115,2118,2123,2125,2127,2136,2150,2154,2158,2161,2162,2165,2167,2170,2183,2202,2204,2207,2216,2218,2220,2230,2231,2234,2238,2240,2241,2242,2243,2245,2247,2262,2267,2271,2277,2281,2284,2287,2288,2289,2296,2298,2311,2312,2313,2316,2317,2320,2321,2322,2324,2325,2329,2333,2339,2341,2347,2352,2355,2357,2362,2366,2368,2384,2389,2390,2405,2408,2415,2416,2417,2418,2426,2438,2445,2446,2462,2463,2472,2483,2491,2493,2495,2497,2499,2514,2517,2519,2526,2528,2536,2544,2548,2550,2551,2560,2562,2566,2569,2574,2577,2590,2592,2596,2600,2601,2604,2610,2615,2616,2619,2624,2625,2626,2627,2628,2629,2638,2641,2645,2650,2651,2652,2657,2659,2663,2676,2680,2683,2687,2699,2702,2703,2704,2713,2717,2726,2727,2731,2733,2735,2736,2740,2745,2747,2753,2763,2779,2780,2781,2799,2803,2817,2824,2826,2828,2830,2841,2842,2843,2844,2849,2856,2863,2864,2865,2868,2870,2872,2877,2891,2893,2902,2922,2923,2931,2932,2934,2944,2951,2954,2966,2978,2979,2981,2984,2987,2988,2990,2992,2993,2994,2998,3004,3011,3012,3013,3016,3017,3022,3024,3025,3032,3033,3034,3037,3041,3049,3063,3064,3068,3069,3076,3085,3090,3094,3097,3103,3104,3106,3107,3112,3114,3117,3129,3132,3140,3143,3146,3149,3151,3163,3170,3191,3195,3203,3204,3212,3218
72.7280391165065,72.3655370089361,3235.0,3278.0
12,28,32,34,36,37,39,44,47,48,50,53,55,56,58,74,84,88,103,112,114,121,123,129,141,146,154,156,157,170,188,196,202,205,209,223,226,237,239,241,248,252,256,257,263,267,272,275,290,291,299,301,303,305,306,311,314,333,335,345,347,349,351,354,356,360,366,370,379,381,384,387,389,395,397,398,403,406,430,432,438,447,452,456,461,464,469,479,480,483,485,488,492,494,501,504,507,509,512,514,516,519,521,523,527,528,535,538,540,543,548,549,562,571,572,574,576,577,581,592,593,596,600,619,622,625,633,641,642,646,647,648,658,662,663,665,668,672,679,685,686,691,693,699,704,707,708,709,711,719,722,724,732,734,738,740,751,754,762,772,776,777,778,780,783,786,788,789,793,799,801,803,804,808,813,817,828,832,839,849,854,857,859,860,865,867,873,884,889,895,897,905,912,914,917,918,923,925,934,936,937,942,952,959,965,967,971,974,976,977,980,984,985,989,995,996,1005,1011,1022,1031,1040,1043,1049,1052,1057,1058,1060,1067,1071,1075,1076,1082,1084,1085,1091,1094,1099,1106,1123,1124,1130,1131,1138,1139,1140,1144,1148,1154,1169,1174,1175,1181,1184,1186,1194,1195,1199,1204,1219,1221,1223,1226,1231,1239,1246,1247,1250,1254,1262,1263,1273,1279,1281,1288,1295,1302,1303,1321,1323,1326,1327,1330,1332,1335,1339,1340,1345,1350,1353,1358,1360,1361,1363,1364,1368,1369,1370,1371,1372,1373,1376,1386,1387,1395,1396,1403,1410,1412,1415,1428,1429,1436,1437,1455,1456,1462,1464,1475,1477,1489,1492,1504,1511,1519,1522,1534,1543,1544,1545,1560,1566,1572,1576,1585,1588,1589,1590,1600,1606,1609,1624,1628,1630,1641,1644,1650,1652,1654,1661,1664,1671,1683,1684,1689,1690,1693,1695,1705,1706,1717,1720,1724,1729,1733,1734,1736,1739,1746,1750,1758,1760,1765,1768,1774,1789,1791,1801,1804,1806,1810,1813,1818,1824,1827,1830,1832,1835,1839,1842,1849,1856,1867,1871,1875,1877,1881,1884,1886,1893,1898,1899,1903,1907,1908,1921,1923,1926,1935,1936,1945,1949,1951,1958,1959,1963,1966,1972,1974,1979,1986,1990,1998,1999,2004,2010,2018,2019,2020,2027,2038,2045,2050,2053,2060,2062,2064,2071,2072,2074,2075,2091,2092,2093,2096,2097,2100,2104,2109,2111,2114,2116,2117,2123,2124,2129,2137,2138,2147,2150,2162,2167,2169,2178,2180,2186,2189,2197,2198,2199,2202,2208,2217,2222,2224,2228,2232,2234,2253,2254,2257,2268,2288,2297,2300,2310,2315,2321,2325,2326,2329,2332,2337,2341,2358,2359,2364,2367,2374,2380,2387,2391,2395,2407,2412,2414,2426,2431,2437,2439,2445,2446,2460,2465,2470,2473,2481,2487,2489,2490,2496,2498,2500,2501,2504,2506,2507,2517,2522,2523,2531,2540,2547,2548,2549,2552,2556,2576,2578,2581,2598,2627,2647,2649,2650,2657,2666,2683,2686,2687,2689,2696,2698,2699,2705,2711,2716,2730,2740,2745,2746,2748,2750,2752,2756,2758,2765,2766,2770,2771,2776,2782,2789,2791,2798,2809,2814,2815,2817,2824,2830,2832,2838,2839,2858,2872,2880,2887,2894,2904,2906,2910,2911,2913,2920,2923,2924,2932,2936,2939,2950,2953,2961,2962,2964,2966,2968,2974,2993,2999,3000,3001,3004,3013,3016,3017,3024,3026,3029,3030,3041,3046,3056,3058,3062,3067,3068,3072,3073,3075,3081,3084,3090,3098,3105,3108,3110,3112,3115,3122,3127,3130,3135,3139,3146,3149,3150,3152,3155,3160,3161,3165,3166,3172,3173,3181,3183,3192,3211,3213
72.34867644579329,72.12948912493677,3280.0,3306.0
